EmployeeID,FirstName,LastName,PositionID,DepartmentID,HireDate,TerminationDate,EmploymentStatus,Salary,HourlyRate,StandardHours,TrainingTimes,Satisfaction,Email,PhoneNumber,DateOfBirth,Gender,MaritalStatus,Country,City,DistanceFromHome,Education,EducationField,ManagerID,EmploymentType,ContractType
1,Khaled,Wilson,1,7,7/18/2015,,Active,9395,54.2,173.33,3,48,khaled.wilson@steigenberger.com,+20 1021701997,9/11/1991,M,Married,Egypt,Giza,401,High School,Engineering,,Full-time,Permanent
2,Salam,Lopez,2,1,3/26/2016,7/19/2019,Terminated,3488,20.12,173.33,1,89,salam.lopez@steigenberger.com,+20 1023695136,6/17/1989,F,Married,Saudi Arabia,Mansoura,294,Master,Hospitality,1,Full-time,Fixed-term
3,Sarah,King,3,1,9/22/2018,,Active,1061,6.12,86.67,3,86,sarah.king@steigenberger.com,+20 1082278854,8/22/1975,F,Married,Sudan,Ismailia,288,Diploma,Hospitality,2,Part-time,Permanent
4,Jihad,Garcia,4,1,6/1/2020,7/18/2021,Terminated,1256,7.25,173.33,1,80,jihad.garcia@steigenberger.com,+20 1012188862,8/25/1988,M,Widowed,Syria,Alexandria,279,Diploma,General,2,Part-time,Permanent
5,Wael,Al-Rashid,5,2,5/14/2020,,Active,2500,14.42,86.67,2,72,wael.al-rashid@steigenberger.com,+20 1035927774,12/3/1992,M,Widowed,Egypt,Mansoura,198,High School,Engineering,1,Full-time,Permanent
6,James,Miller,6,2,6/1/2018,,Active,683,3.94,173.33,7,44,james.miller@steigenberger.com,+20 1073419318,6/22/1979,M,Single,Egypt,Mansoura,203,Master,Business,5,Contract,Fixed-term
7,Ola,Lee,7,4,2/21/2019,,Active,3103,17.9,173.33,1,87,ola.lee@steigenberger.com,+20 1059457647,8/22/1978,M,Divorced,Philippines,Shubra El Kheima,160,Diploma,Hospitality,1,Full-time,Permanent
8,Susan,Al-Zahra,8,4,9/24/2015,,Active,1091,6.29,173.33,5,72,susan.al-zahra@steigenberger.com,+20 1084702674,4/11/1985,F,Widowed,Egypt,Mansoura,46,Bachelor,Engineering,7,Full-time,Internship
9,Ali,El-Masry,13,8,6/18/2015,,Active,2451,14.14,173.33,3,90,ali.el-masry@steigenberger.com,+20 1046003878,8/24/2000,F,Single,Sudan,Zagazig,448,Diploma,Tourism,12,Full-time,Permanent
10,Jessica,Sabry,18,6,12/19/2017,,Active,726,4.19,173.33,8,63,jessica.sabry@steigenberger.com,+20 1091839378,6/12/1996,M,Widowed,Sudan,Port Said,425,Bachelor,General,17,Seasonal,Permanent
11,Matthew,Lewis,15,5,2/10/2017,,Active,2271,13.1,173.33,6,43,matthew.lewis@steigenberger.com,+20 1077172590,1/19/1994,F,Divorced,Egypt,Shubra El Kheima,298,Master,Business,1,Full-time,Permanent
12,Joseph,Martinez,11,3,1/6/2017,,Active,819,4.73,173.33,3,70,joseph.martinez@steigenberger.com,+20 1043341469,8/18/1972,M,Divorced,Sudan,Port Said,311,High School,General,9,Full-time,Casual
13,Donna,Taylor,10,3,2/28/2020,,Active,586,3.38,173.33,6,67,donna.taylor@steigenberger.com,+20 1087860351,10/1/1972,F,Married,Syria,Damietta,142,Bachelor,Management,9,Contract,Fixed-term
14,Rana,Bin-Salem,5,2,8/20/2015,,Active,2786,16.07,173.33,2,80,rana.bin-salem@steigenberger.com,+20 1072732231,7/26/1995,F,Single,Egypt,Zagazig,226,Diploma,Engineering,1,Full-time,Permanent
15,Nour,Shaker,5,2,1/1/2018,,Active,2829,16.32,173.33,1,55,nour.shaker@steigenberger.com,+20 1042388284,12/10/1997,M,Divorced,Egypt,Tanta,348,Master,Business,1,Full-time,Permanent
16,Hala,Helmy,19,7,7/13/2020,,Active,2199,12.69,86.67,8,95,hala.helmy@steigenberger.com,+20 1072531431,5/5/1972,F,Single,Syria,Cairo,240,Master,Engineering,1,Full-time,Permanent
17,Richard,Taylor,6,2,2/19/2019,,Active,642,3.7,173.33,4,64,richard.taylor@steigenberger.com,+20 1058693243,7/5/1981,F,Married,Egypt,Alexandria,408,High School,Tourism,5,Full-time,Permanent
18,Joshua,King,4,1,2/15/2016,,Active,1068,6.16,173.33,6,68,joshua.king@steigenberger.com,+20 1036953743,4/8/1983,F,Divorced,Syria,Cairo,350,High School,Tourism,2,Full-time,Permanent
19,Hala,Johnson,6,2,5/8/2016,,Active,600,3.46,173.33,5,66,hala.johnson@steigenberger.com,+20 1018170504,6/21/1993,M,Widowed,Egypt,Zagazig,153,Master,Tourism,5,Full-time,Permanent
20,David,Al-Kindi,15,5,3/20/2020,,Active,2107,12.16,173.33,4,65,david.al-kindi@steigenberger.com,+20 1010389080,4/7/1974,F,Widowed,Philippines,Tanta,339,Bachelor,General,1,Full-time,Permanent
21,Mazen,Abdel-Rahman,7,4,10/4/2020,,Active,3414,19.7,173.33,6,43,mazen.abdel-rahman@steigenberger.com,+20 1035860457,6/5/1986,F,Widowed,Egypt,Zagazig,138,High School,Management,1,Full-time,Internship
22,Robert,Taylor,10,3,2/27/2015,,Active,551,3.18,173.33,8,93,robert.taylor@steigenberger.com,+20 1095629030,6/22/1994,M,Married,Philippines,Damietta,217,Bachelor,Business,9,Contract,Fixed-term
23,Ashraf,Abdo,8,4,5/3/2018,10/13/2019,Terminated,936,5.4,173.33,4,59,ashraf.abdo@steigenberger.com,+20 1033441359,10/18/1989,F,Single,Syria,Tanta,150,Bachelor,General,7,Full-time,Permanent
24,Youssef,Helmy,10,3,8/19/2015,10/23/2019,Quit,722,4.17,173.33,6,44,youssef.helmy@steigenberger.com,+20 1032837691,2/15/1983,M,Divorced,Egypt,Port Said,350,High School,Business,9,Contract,Permanent
25,Majid,Nasser,13,8,3/21/2020,,Active,2497,14.41,173.33,2,45,majid.nasser@steigenberger.com,+20 1065268527,4/5/1972,M,Divorced,Sudan,Mansoura,220,Master,Tourism,12,Full-time,Permanent
26,Anna,Abu-Bakr,7,4,10/22/2019,,Active,2964,17.1,173.33,4,80,anna.abu-bakr@steigenberger.com,+20 1022297584,1/12/2000,F,Widowed,Sudan,Tanta,431,Master,Business,1,Full-time,Permanent
27,Betty,Tawfik,8,4,11/20/2015,,Active,1093,6.31,173.33,3,72,betty.tawfik@steigenberger.com,+20 1075878049,8/17/1976,M,Widowed,Sudan,Ismailia,485,Diploma,Management,7,Seasonal,Permanent
28,Jennifer,El-Naggar,7,4,1/5/2017,,Active,3164,18.25,173.33,7,87,jennifer.el-naggar@steigenberger.com,+20 1041578477,9/8/1981,M,Widowed,Saudi Arabia,Damietta,245,Bachelor,Tourism,1,Full-time,Permanent
29,Khalil,Wright,15,5,1/21/2017,,Active,2426,14,173.33,6,68,khalil.wright@steigenberger.com,+20 1040172600,1/4/1999,M,Divorced,Sudan,Ismailia,403,Bachelor,Management,1,Full-time,Permanent
30,Elizabeth,El-Khalil,4,1,3/21/2016,,Active,1417,8.18,173.33,8,67,elizabeth.el-khalil@steigenberger.com,+20 1089000030,6/21/1970,M,Divorced,Sudan,Mansoura,164,High School,Tourism,2,Full-time,Permanent
31,Elizabeth,Sabry,19,7,7/23/2018,,Active,1992,11.49,173.33,4,61,elizabeth.sabry@steigenberger.com,+20 1079403270,12/16/1996,M,Widowed,Egypt,Ismailia,265,Diploma,Hospitality,1,Full-time,Permanent
32,Hisham,Rodriguez,16,5,11/15/2020,8/23/2022,Terminated,520,3,173.33,2,59,hisham.rodriguez@steigenberger.com,+20 1033476266,7/13/2002,F,Divorced,Sudan,Cairo,175,Bachelor,Hospitality,15,Full-time,Permanent
33,James,Ibrahim,7,4,10/16/2017,,Active,3047,17.58,173.33,1,79,james.ibrahim@steigenberger.com,+20 1037463543,3/7/2000,F,Married,Philippines,Mansoura,118,Master,Business,1,Full-time,Permanent
34,Robert,El-Khalil,16,5,5/3/2020,,Active,738,4.26,173.33,6,64,robert.el-khalil@steigenberger.com,+20 1094079710,4/25/1978,M,Married,Philippines,Mansoura,232,Master,Engineering,15,Full-time,Permanent
35,Susan,Williams,20,7,6/15/2015,,Active,1638,9.45,173.33,6,84,susan.williams@steigenberger.com,+20 1066001443,3/26/1978,F,Widowed,Syria,Alexandria,237,Master,Engineering,1,Full-time,Fixed-term
36,Ola,El-Masry,9,3,8/1/2019,,Active,3590,20.71,173.33,3,60,ola.el-masry@steigenberger.com,+20 1088930937,2/8/1972,M,Divorced,Syria,Cairo,94,Diploma,General,1,Full-time,Internship
37,Anna,Nasser,6,2,3/8/2018,,Active,687,3.96,173.33,3,77,anna.nasser@steigenberger.com,+20 1091342523,12/13/1993,M,Widowed,Sudan,Giza,226,Bachelor,Engineering,5,Full-time,Permanent
38,Nader,Wright,8,4,3/8/2019,,Active,1181,6.81,86.67,5,80,nader.wright@steigenberger.com,+20 1077883275,12/1/1981,F,Widowed,Syria,Mansoura,331,Bachelor,Engineering,7,Full-time,Permanent
39,Mahmoud,Wilson,10,3,10/7/2016,11/23/2017,Quit,546,3.15,173.33,5,71,mahmoud.wilson@steigenberger.com,+20 1043755666,3/15/1974,F,Single,Philippines,Mansoura,163,High School,General,9,Full-time,Permanent
40,Robert,Sabry,18,6,6/12/2018,6/23/2020,Terminated,830,4.79,173.33,2,46,robert.sabry@steigenberger.com,+20 1069197102,11/23/1970,F,Divorced,Philippines,Shubra El Kheima,203,Bachelor,Business,17,Full-time,Permanent
41,Robert,Soliman,16,5,7/6/2017,,Active,793,4.58,173.33,7,74,robert.soliman@steigenberger.com,+20 1070816281,11/21/1997,M,Married,Philippines,Port Said,350,Bachelor,Business,15,Seasonal,Permanent
42,Zeinab,Martin,17,6,1/8/2020,,Active,2336,13.48,173.33,3,71,zeinab.martin@steigenberger.com,+20 1010502119,11/25/1981,M,Married,Saudi Arabia,Alexandria,93,Master,General,1,Full-time,Permanent
43,Helen,Young,5,2,12/25/2016,,Active,3164,18.25,173.33,2,63,helen.young@steigenberger.com,+20 1044849097,7/9/1980,F,Widowed,Saudi Arabia,Damietta,33,Bachelor,Business,1,Full-time,Permanent
44,Sherif,Al-Mahmoud,14,8,4/8/2016,,Active,733,4.23,86.67,8,74,sherif.al-mahmoud@steigenberger.com,+20 1076347104,5/21/2001,M,Divorced,Philippines,Port Said,269,Bachelor,Business,12,Full-time,Permanent
45,Nour,Jackson,20,7,6/5/2018,,Active,1578,9.1,173.33,4,63,nour.jackson@steigenberger.com,+20 1047532610,10/15/1976,M,Single,Sudan,Zagazig,393,High School,Management,1,Full-time,Casual
46,Jihad,Garcia,9,3,11/14/2017,,Active,3402,19.63,173.33,4,77,jihad.garcia.46@steigenberger.com,+20 1098010452,5/16/1991,F,Widowed,Sudan,Mansoura,304,Master,Business,1,Full-time,Permanent
47,Tariq,Gaber,14,8,11/16/2018,,Active,807,4.66,173.33,4,81,tariq.gaber@steigenberger.com,+20 1029364177,3/28/1984,M,Divorced,Syria,Giza,75,Diploma,General,12,Part-time,Casual
48,Youssef,Johnson,18,6,6/7/2017,,Active,903,5.21,173.33,2,74,youssef.johnson@steigenberger.com,+20 1099675531,11/25/1989,F,Married,Saudi Arabia,Giza,94,Master,Business,17,Full-time,Permanent
49,Betty,Ibrahim,17,6,2/1/2020,,Active,2839,16.38,173.33,1,65,betty.ibrahim@steigenberger.com,+20 1034844290,3/23/1974,M,Married,Sudan,Port Said,455,Master,Business,1,Full-time,Permanent
50,Ali,Ibrahim,13,8,3/23/2019,,Active,2476,14.28,173.33,8,77,ali.ibrahim@steigenberger.com,+20 1019396841,2/14/1985,M,Widowed,Egypt,Ismailia,438,High School,Business,12,Contract,Permanent
51,Salma,Al-Farisi,8,4,5/25/2015,,Active,848,4.89,173.33,1,83,salma.al-farisi@steigenberger.com,+20 1028776852,6/12/1986,M,Married,Saudi Arabia,Tanta,12,High School,Management,7,Part-time,Permanent
52,Fouad,Al-Mahmoud,14,8,8/28/2017,,Active,984,5.68,173.33,1,44,fouad.al-mahmoud@steigenberger.com,+20 1097445321,2/4/1973,F,Widowed,Syria,Mansoura,434,High School,Engineering,12,Part-time,Permanent
53,David,Helmy,12,8,2/28/2017,,Active,3886,22.42,86.67,2,56,david.helmy@steigenberger.com,+20 1027350411,11/24/1996,F,Divorced,Egypt,Alexandria,242,Bachelor,Engineering,1,Contract,Casual
54,Ruth,White,12,8,4/25/2016,,Active,3663,21.13,173.33,2,45,ruth.white@steigenberger.com,+20 1081568189,4/15/2000,F,Married,Philippines,Tanta,170,Master,Management,1,Contract,Permanent
55,Salam,Ali,7,4,7/5/2018,12/4/2022,Quit,3381,19.51,173.33,3,91,salam.ali@steigenberger.com,+20 1080826661,2/4/1985,F,Divorced,Syria,Ismailia,479,Diploma,Tourism,1,Full-time,Casual
56,Helen,Nasser,4,1,4/10/2017,,Active,1277,7.37,173.33,2,53,helen.nasser@steigenberger.com,+20 1080389327,11/6/1983,F,Married,Sudan,Alexandria,150,High School,General,2,Full-time,Permanent
57,Salam,Lopez,3,1,4/15/2020,,Active,951,5.49,173.33,1,86,salam.lopez.57@steigenberger.com,+20 1031315399,8/8/1985,M,Single,Sudan,Tanta,436,Bachelor,General,2,Contract,Permanent
58,Rana,Mahmoud,20,7,2/5/2016,,Active,2066,11.92,173.33,1,43,rana.mahmoud@steigenberger.com,+20 1035958357,4/15/1975,F,Divorced,Syria,Giza,451,Diploma,Hospitality,1,Full-time,Permanent
59,Carol,Davis,13,8,9/19/2020,,Active,1686,9.73,173.33,5,90,carol.davis@steigenberger.com,+20 1038524317,8/1/1981,F,Married,Sudan,Zagazig,259,Diploma,Management,12,Full-time,Permanent
60,Magdy,Smith,9,3,11/24/2017,,Active,3104,17.91,173.33,7,42,magdy.smith@steigenberger.com,+20 1088485342,8/8/2000,M,Widowed,Egypt,Zagazig,287,Diploma,Tourism,1,Full-time,Permanent
61,Omar,Smith,8,4,7/10/2017,,Active,1182,6.82,173.33,2,40,omar.smith@steigenberger.com,+20 1080504686,9/9/1989,F,Single,Egypt,Ismailia,346,Diploma,General,7,Seasonal,Fixed-term
62,Nancy,Martinez,15,5,12/25/2016,,Active,2094,12.08,173.33,2,63,nancy.martinez@steigenberger.com,+20 1086293580,12/2/1983,M,Widowed,Syria,Zagazig,338,High School,Business,1,Full-time,Permanent
63,Rami,Wilson,8,4,8/28/2019,,Active,954,5.5,173.33,7,41,rami.wilson@steigenberger.com,+20 1086645113,9/2/1974,F,Single,Sudan,Cairo,282,Bachelor,Hospitality,7,Full-time,Casual
64,Sarah,Al-Rashid,11,3,9/14/2017,,Active,692,3.99,173.33,4,76,sarah.al-rashid@steigenberger.com,+20 1079582154,7/8/1999,M,Married,Sudan,Giza,321,Diploma,Hospitality,9,Trainee,Permanent
65,Majid,Ibrahim,14,8,6/12/2020,,Active,981,5.66,173.33,1,47,majid.ibrahim@steigenberger.com,+20 1036488448,6/9/1981,M,Divorced,Syria,Shubra El Kheima,151,Bachelor,Tourism,12,Full-time,Fixed-term
66,David,Hernandez,6,2,9/5/2018,,Active,749,4.32,173.33,8,44,david.hernandez@steigenberger.com,+20 1057729118,5/4/1987,M,Married,Philippines,Ismailia,78,Master,Management,5,Full-time,Fixed-term
67,Dania,Shaker,16,5,12/15/2015,9/8/2017,Quit,530,3.06,173.33,3,51,dania.shaker@steigenberger.com,+20 1057813147,11/23/1972,M,Married,Egypt,Port Said,178,High School,Engineering,15,Part-time,Casual
68,Jennifer,Lewis,7,4,4/28/2018,,Active,3332,19.22,173.33,2,89,jennifer.lewis@steigenberger.com,+20 1056300714,1/18/1974,M,Divorced,Syria,Shubra El Kheima,424,Diploma,General,1,Full-time,Permanent
69,Abdullah,El-Shamy,19,7,5/20/2015,,Active,2279,13.15,173.33,8,70,abdullah.el-shamy@steigenberger.com,+20 1012403737,2/5/1989,F,Widowed,Syria,Cairo,311,Diploma,Tourism,1,Full-time,Permanent
70,Richard,Gaber,15,5,2/15/2020,,Active,2550,14.71,173.33,8,92,richard.gaber@steigenberger.com,+20 1057506136,9/11/1974,M,Married,Philippines,Giza,383,Diploma,Management,1,Full-time,Permanent
71,Mazen,Rodriguez,18,6,11/13/2017,,Active,861,4.97,173.33,2,53,mazen.rodriguez@steigenberger.com,+20 1078358104,10/28/1991,F,Single,Philippines,Alexandria,234,Master,Hospitality,17,Full-time,Permanent
72,Karim,Walker,11,3,3/22/2020,10/3/2021,Terminated,784,4.52,173.33,6,73,karim.walker@steigenberger.com,+20 1079332568,10/20/1982,F,Widowed,Sudan,Port Said,279,High School,Tourism,9,Part-time,Permanent
73,Jihad,Lewis,6,2,10/15/2016,,Active,627,3.62,173.33,4,48,jihad.lewis@steigenberger.com,+20 1046500278,11/21/1994,M,Divorced,Philippines,Cairo,153,High School,Hospitality,5,Contract,Permanent
74,Sara,Garcia,14,8,6/14/2019,,Active,836,4.82,173.33,1,90,sara.garcia@steigenberger.com,+20 1099247901,5/2/1997,M,Divorced,Philippines,Alexandria,178,Master,General,12,Full-time,Permanent
75,Ruth,Garcia,19,7,9/18/2017,,Active,2328,13.43,173.33,5,95,ruth.garcia@steigenberger.com,+20 1051508711,12/17/1993,M,Single,Sudan,Damietta,94,Diploma,Hospitality,1,Full-time,Permanent
76,Noura,Sabry,6,2,4/18/2020,1/20/2021,Terminated,864,4.98,173.33,3,82,noura.sabry@steigenberger.com,+20 1037624177,7/22/1977,M,Married,Philippines,Alexandria,436,High School,Hospitality,5,Full-time,Permanent
77,Layla,Williams,16,5,6/20/2017,,Active,509,2.94,173.33,5,76,layla.williams@steigenberger.com,+20 1022555523,5/2/2000,F,Divorced,Philippines,Damietta,166,Master,Business,15,Full-time,Permanent
78,Maya,Sabry,17,6,8/24/2015,,Active,2849,16.44,173.33,3,66,maya.sabry@steigenberger.com,+20 1014152279,10/22/1995,F,Widowed,Saudi Arabia,Ismailia,407,Master,Tourism,1,Part-time,Permanent
79,Anna,Martin,15,5,10/6/2016,,Active,2030,11.71,173.33,3,83,anna.martin@steigenberger.com,+20 1083164810,2/25/1990,F,Divorced,Egypt,Tanta,169,High School,Tourism,1,Full-time,Fixed-term
80,Mazen,Al-Hashemi,11,3,9/25/2015,7/24/2017,Quit,628,3.62,173.33,7,82,mazen.al-hashemi@steigenberger.com,+20 1047537973,9/20/1975,F,Married,Syria,Zagazig,109,Master,General,9,Full-time,Permanent
81,Ali,Ahmed,6,2,8/20/2019,,Active,766,4.42,173.33,6,44,ali.ahmed@steigenberger.com,+20 1073486895,10/24/1988,F,Widowed,Syria,Tanta,345,Bachelor,Hospitality,5,Full-time,Casual
82,Nesma,Taylor,18,6,2/10/2020,,Active,728,4.2,173.33,2,71,nesma.taylor@steigenberger.com,+20 1040330059,11/24/1976,M,Widowed,Philippines,Cairo,42,Bachelor,Engineering,17,Full-time,Permanent
83,Patricia,Badawy,18,6,7/27/2016,,Active,1068,6.16,173.33,8,44,patricia.badawy@steigenberger.com,+20 1061183781,8/10/1995,M,Married,Philippines,Mansoura,244,Diploma,Tourism,17,Contract,Permanent
84,Carol,Al-Zahra,13,8,2/19/2018,,Active,1552,8.95,86.67,2,59,carol.al-zahra@steigenberger.com,+20 1048613827,4/18/1985,M,Married,Saudi Arabia,Mansoura,32,Bachelor,Management,12,Full-time,Permanent
85,James,Salam,5,2,4/24/2015,,Active,2846,16.42,173.33,1,57,james.salam@steigenberger.com,+20 1025859305,4/11/1977,M,Divorced,Philippines,Cairo,60,Bachelor,Management,1,Full-time,Fixed-term
86,Michael,Bin-Ahmed,12,8,4/20/2015,,Active,3076,17.75,86.67,1,67,michael.bin-ahmed@steigenberger.com,+20 1092226629,12/25/1994,F,Married,Philippines,Tanta,195,Diploma,Engineering,1,Full-time,Permanent
87,Michelle,El-Sayed,13,8,7/28/2015,,Active,2398,13.83,173.33,5,65,michelle.el-sayed@steigenberger.com,+20 1071777869,3/8/2002,M,Widowed,Egypt,Alexandria,278,Bachelor,Business,12,Full-time,Permanent
88,Jennifer,Garcia,17,6,8/26/2017,,Active,2856,16.48,173.33,5,79,jennifer.garcia@steigenberger.com,+20 1045311034,11/19/1977,M,Married,Egypt,Zagazig,394,Bachelor,Business,1,Full-time,Permanent
89,Salam,Abu-Nasser,17,6,11/11/2020,9/2/2022,Terminated,2935,16.93,173.33,4,60,salam.abu-nasser@steigenberger.com,+20 1011675713,7/9/1970,F,Divorced,Syria,Shubra El Kheima,27,Master,Engineering,1,Full-time,Permanent
90,Hisham,Salam,13,8,11/8/2016,,Active,1733,10,173.33,8,78,hisham.salam@steigenberger.com,+20 1067135230,10/21/1970,M,Married,Saudi Arabia,Giza,237,Master,Hospitality,12,Full-time,Permanent
91,Rana,Sabry,16,5,4/14/2020,4/9/2021,Quit,553,3.19,173.33,6,73,rana.sabry@steigenberger.com,+20 1085292245,1/25/1974,F,Divorced,Saudi Arabia,Damietta,380,High School,Engineering,15,Full-time,Permanent
92,Walid,Walker,8,4,6/2/2019,,Active,1075,6.2,173.33,1,91,walid.walker@steigenberger.com,+20 1031655187,6/27/1978,M,Widowed,Syria,Tanta,71,High School,General,7,Full-time,Permanent
93,Rania,Soliman,20,7,12/19/2015,,Active,1544,8.91,173.33,8,88,rania.soliman@steigenberger.com,+20 1090388200,4/22/1970,F,Married,Egypt,Tanta,232,Master,Business,1,Part-time,Permanent
94,James,Moore,10,3,12/15/2015,,Active,604,3.48,173.33,2,41,james.moore@steigenberger.com,+20 1098817735,9/11/1989,F,Married,Syria,Mansoura,28,Bachelor,Business,9,Full-time,Fixed-term
95,Ali,Al-Zahra,7,4,6/8/2019,,Active,3413,19.69,173.33,5,43,ali.al-zahra@steigenberger.com,+20 1097250260,4/16/1972,M,Divorced,Egypt,Alexandria,140,Bachelor,Business,1,Contract,Permanent
96,Hoda,Bin-Omar,15,5,1/9/2015,,Active,2524,14.56,173.33,1,66,hoda.bin-omar@steigenberger.com,+20 1023048039,4/8/1981,M,Single,Saudi Arabia,Alexandria,410,Diploma,Engineering,1,Part-time,Permanent
97,Hisham,Garcia,13,8,3/19/2016,11/27/2021,Terminated,2297,13.25,173.33,8,87,hisham.garcia@steigenberger.com,+20 1070988120,7/17/1983,M,Single,Philippines,Alexandria,373,Bachelor,Engineering,12,Full-time,Casual
98,Youssef,Bin-Ahmed,6,2,1/18/2018,2/8/2021,Terminated,858,4.95,173.33,8,48,youssef.bin-ahmed@steigenberger.com,+20 1012778548,4/5/1996,M,Divorced,Syria,Giza,266,Master,Engineering,5,Full-time,Permanent
99,Sara,Tawfik,5,2,8/21/2015,2/14/2020,Terminated,2722,15.7,173.33,4,90,sara.tawfik@steigenberger.com,+20 1037412705,12/23/1996,M,Single,Egypt,Cairo,194,Master,Management,1,Full-time,Permanent
100,Hala,El-Sayed,9,3,3/15/2019,,Active,3759,21.69,173.33,6,87,hala.el-sayed@steigenberger.com,+20 1061671349,2/17/1970,M,Widowed,Sudan,Tanta,80,Diploma,Tourism,1,Contract,Casual
101,Nasser,Shaker,13,8,9/16/2020,,Active,1534,8.85,86.67,1,93,nasser.shaker@steigenberger.com,+20 1051893951,12/13/1976,F,Single,Saudi Arabia,Alexandria,270,High School,Business,12,Full-time,Permanent
102,Ghada,Shaker,17,6,11/15/2015,4/3/2019,Quit,2344,13.52,173.33,3,88,ghada.shaker@steigenberger.com,+20 1073093554,6/3/1987,F,Divorced,Philippines,Cairo,315,Master,Engineering,1,Full-time,Permanent
103,Mary,Hernandez,16,5,8/13/2018,8/11/2021,Terminated,706,4.07,173.33,4,93,mary.hernandez@steigenberger.com,+20 1078866807,1/2/1982,M,Divorced,Syria,Damietta,474,Diploma,General,15,Full-time,Fixed-term
104,Hala,Hall,10,3,10/6/2016,,Active,729,4.21,173.33,1,42,hala.hall@steigenberger.com,+20 1080367086,5/18/1979,F,Divorced,Egypt,Damietta,369,Bachelor,Engineering,9,Full-time,Permanent
105,Kenneth,Rizk,11,3,11/17/2019,11/12/2020,Terminated,700,4.04,173.33,1,72,kenneth.rizk@steigenberger.com,+20 1082846512,1/9/1993,M,Widowed,Syria,Cairo,481,Diploma,Tourism,9,Full-time,Fixed-term
106,Fouad,Moore,17,6,8/19/2017,,Active,2203,12.71,173.33,3,82,fouad.moore@steigenberger.com,+20 1099211339,1/8/1976,F,Single,Sudan,Giza,119,Bachelor,General,1,Full-time,Permanent
107,Magdy,Hernandez,8,4,3/5/2019,,Active,995,5.74,86.67,4,91,magdy.hernandez@steigenberger.com,+20 1036279551,12/9/1975,M,Single,Syria,Tanta,347,Bachelor,Business,7,Contract,Permanent
108,Linda,Anderson,20,7,6/28/2020,,Active,1714,9.89,173.33,1,69,linda.anderson@steigenberger.com,+20 1010693390,11/18/1989,M,Single,Saudi Arabia,Ismailia,133,Diploma,Management,1,Part-time,Permanent
109,Samir,Taylor,8,4,1/1/2019,2/9/2021,Quit,937,5.41,86.67,8,41,samir.taylor@steigenberger.com,+20 1068178330,8/27/2000,F,Widowed,Egypt,Giza,342,Bachelor,Management,7,Full-time,Permanent
110,Rana,Helmy,13,8,5/26/2017,,Active,2321,13.39,173.33,3,42,rana.helmy@steigenberger.com,+20 1078364968,1/14/1974,M,Single,Saudi Arabia,Cairo,209,High School,General,12,Contract,Permanent
111,Steven,Farouk,6,2,1/8/2018,,Active,805,4.64,173.33,6,69,steven.farouk@steigenberger.com,+20 1072964238,9/13/1984,F,Widowed,Philippines,Shubra El Kheima,342,Diploma,Hospitality,5,Full-time,Permanent
112,Hassan,Wilson,11,3,10/27/2019,,Active,623,3.59,173.33,2,80,hassan.wilson@steigenberger.com,+20 1070942601,11/4/1984,F,Divorced,Syria,Port Said,253,Master,Hospitality,9,Full-time,Fixed-term
113,Mona,Young,10,3,1/8/2016,11/7/2022,Terminated,708,4.08,173.33,7,78,mona.young@steigenberger.com,+20 1085868125,11/3/1999,M,Widowed,Saudi Arabia,Tanta,257,High School,Tourism,9,Full-time,Fixed-term
114,Aisha,Taylor,3,1,5/15/2018,,Active,937,5.41,173.33,8,42,aisha.taylor@steigenberger.com,+20 1072429291,4/18/1972,M,Married,Sudan,Alexandria,368,Master,General,2,Full-time,Permanent
115,Ahmed,Martin,4,1,7/10/2017,,Active,1453,8.38,173.33,2,51,ahmed.martin@steigenberger.com,+20 1051264776,11/5/1987,M,Single,Sudan,Tanta,180,Bachelor,Business,2,Seasonal,Permanent
116,Daniel,Harris,9,3,5/5/2017,,Active,2882,16.63,173.33,3,51,daniel.harris@steigenberger.com,+20 1021889191,2/22/1994,F,Married,Philippines,Cairo,301,Diploma,Tourism,1,Full-time,Permanent
117,Kenneth,Said,11,3,12/19/2017,4/16/2022,Terminated,758,4.37,86.67,8,53,kenneth.said@steigenberger.com,+20 1084630314,6/5/1998,F,Widowed,Sudan,Ismailia,93,Master,General,9,Full-time,Permanent
118,Hala,Taylor,4,1,7/21/2017,11/19/2019,Terminated,1301,7.51,173.33,2,49,hala.taylor@steigenberger.com,+20 1054835863,3/23/1984,M,Single,Philippines,Zagazig,337,Bachelor,General,2,Full-time,Internship
119,Anthony,El-Naggar,15,5,2/13/2018,,Active,2065,11.91,173.33,5,78,anthony.el-naggar@steigenberger.com,+20 1089932209,5/9/1999,F,Married,Philippines,Ismailia,6,High School,Engineering,1,Part-time,Permanent
120,Magdy,White,8,4,5/19/2016,,Active,978,5.64,173.33,8,42,magdy.white@steigenberger.com,+20 1012101633,12/27/1987,F,Widowed,Egypt,Mansoura,234,Master,Business,7,Part-time,Permanent
121,Mahmoud,Al-Farisi,4,1,10/3/2016,,Active,1251,7.22,86.67,6,60,mahmoud.al-farisi@steigenberger.com,+20 1011582743,8/18/1993,F,Married,Saudi Arabia,Tanta,398,Bachelor,General,2,Full-time,Permanent
122,Farid,Khalil,15,5,2/20/2020,,Active,2672,15.42,173.33,5,55,farid.khalil@steigenberger.com,+20 1035902403,12/10/1981,F,Married,Philippines,Damietta,388,Master,Engineering,1,Full-time,Permanent
123,Faisal,Hernandez,5,2,4/1/2020,,Active,2713,15.65,173.33,1,43,faisal.hernandez@steigenberger.com,+20 1016742927,4/11/1975,M,Single,Philippines,Zagazig,338,Master,Business,1,Part-time,Permanent
124,Paul,Salam,19,7,1/21/2015,,Active,1985,11.45,173.33,3,75,paul.salam@steigenberger.com,+20 1084434146,10/3/1980,F,Single,Saudi Arabia,Tanta,107,High School,Business,1,Full-time,Fixed-term
125,Michelle,Davis,17,6,11/3/2017,,Active,2968,17.12,173.33,8,92,michelle.davis@steigenberger.com,+20 1018227615,11/3/1987,M,Married,Egypt,Ismailia,484,Master,Management,1,Part-time,Permanent
126,Ziad,Abu-Bakr,6,2,4/18/2015,,Active,876,5.05,173.33,2,42,ziad.abu-bakr@steigenberger.com,+20 1041192439,4/18/2002,M,Married,Philippines,Mansoura,12,Diploma,Business,5,Seasonal,Permanent
127,Sherif,Bin-Salem,7,4,6/12/2018,,Active,2801,16.16,173.33,5,46,sherif.bin-salem@steigenberger.com,+20 1068945598,8/16/1977,M,Widowed,Saudi Arabia,Mansoura,11,High School,Tourism,1,Full-time,Permanent
128,Michelle,Soliman,6,2,5/8/2016,,Active,723,4.17,173.33,4,66,michelle.soliman@steigenberger.com,+20 1034658247,2/9/1989,M,Divorced,Sudan,Shubra El Kheima,284,Bachelor,Management,5,Full-time,Permanent
129,Mazen,Abdel-Rahman,16,5,3/15/2016,,Active,586,3.38,173.33,6,87,mazen.abdel-rahman.129@steigenberger.com,+20 1051068473,7/24/1971,F,Single,Saudi Arabia,Tanta,23,Master,Management,15,Full-time,Permanent
130,Amr,Sabry,11,3,8/5/2016,,Active,786,4.53,173.33,8,73,amr.sabry@steigenberger.com,+20 1055808032,6/3/2001,M,Single,Sudan,Alexandria,257,Diploma,Engineering,9,Full-time,Permanent
131,Nasser,Lewis,19,7,1/14/2019,,Active,2303,13.29,173.33,6,85,nasser.lewis@steigenberger.com,+20 1043103135,7/3/1999,F,Divorced,Saudi Arabia,Zagazig,231,Bachelor,Engineering,1,Full-time,Fixed-term
132,Anna,Al-Hashemi,13,8,12/3/2018,9/12/2022,Quit,1523,8.79,173.33,5,68,anna.al-hashemi@steigenberger.com,+20 1049772443,2/20/1994,F,Single,Sudan,Damietta,102,Diploma,General,12,Full-time,Permanent
133,Linda,Al-Zahra,15,5,8/15/2018,,Active,2417,13.94,173.33,2,43,linda.al-zahra@steigenberger.com,+20 1026942746,9/28/1988,M,Married,Syria,Ismailia,230,Diploma,Tourism,1,Full-time,Permanent
134,Rania,Mohamed,12,8,9/26/2018,,Active,3433,19.81,86.67,6,95,rania.mohamed@steigenberger.com,+20 1060269448,7/28/1973,F,Widowed,Saudi Arabia,Tanta,117,Master,Business,1,Full-time,Permanent
135,Noura,Jackson,15,5,10/23/2017,,Active,2242,12.93,86.67,7,67,noura.jackson@steigenberger.com,+20 1018575320,2/24/1985,M,Divorced,Saudi Arabia,Zagazig,136,High School,Management,1,Full-time,Fixed-term
136,Sandra,Wilson,7,4,2/22/2015,,Active,3264,18.83,173.33,8,86,sandra.wilson@steigenberger.com,+20 1064780951,10/8/1988,M,Divorced,Egypt,Alexandria,452,Bachelor,Management,1,Full-time,Permanent
137,Richard,Khalil,14,8,9/27/2016,6/1/2018,Terminated,1023,5.9,173.33,6,94,richard.khalil@steigenberger.com,+20 1025092712,3/7/1996,M,Married,Philippines,Alexandria,221,Master,Engineering,12,Full-time,Permanent
138,Walid,Soliman,20,7,7/8/2020,12/8/2022,Terminated,1894,10.93,173.33,7,84,walid.soliman@steigenberger.com,+20 1036075668,3/7/1985,M,Divorced,Egypt,Cairo,335,Master,Hospitality,1,Part-time,Fixed-term
139,Thomas,El-Sayed,9,3,9/18/2019,,Active,2900,16.73,173.33,5,81,thomas.el-sayed@steigenberger.com,+20 1040728135,1/12/1976,F,Divorced,Saudi Arabia,Port Said,80,High School,Tourism,1,Full-time,Permanent
140,Anna,Hassan,20,7,6/25/2017,,Active,2042,11.78,173.33,8,66,anna.hassan@steigenberger.com,+20 1040047716,9/22/1991,M,Married,Egypt,Mansoura,297,Bachelor,Business,1,Trainee,Permanent
141,Mahmoud,White,12,8,5/12/2020,,Active,3664,21.14,173.33,2,52,mahmoud.white@steigenberger.com,+20 1060971261,4/6/1995,F,Widowed,Saudi Arabia,Shubra El Kheima,233,Master,Engineering,1,Part-time,Permanent
142,Thomas,Hall,14,8,9/7/2017,,Active,710,4.1,86.67,8,54,thomas.hall@steigenberger.com,+20 1066696093,11/9/1993,M,Widowed,Egypt,Ismailia,53,Diploma,Management,12,Part-time,Permanent
143,Doaa,King,9,3,5/25/2016,,Active,2999,17.3,173.33,6,60,doaa.king@steigenberger.com,+20 1014777048,6/11/2000,M,Single,Egypt,Port Said,461,High School,Management,1,Full-time,Permanent
144,Samir,Rashad,3,1,12/12/2016,,Active,1127,6.5,173.33,7,84,samir.rashad@steigenberger.com,+20 1049103666,1/24/1974,M,Single,Saudi Arabia,Shubra El Kheima,177,Master,Engineering,2,Full-time,Permanent
145,Robert,Thompson,8,4,11/16/2017,,Active,1120,6.46,173.33,2,92,robert.thompson@steigenberger.com,+20 1084333514,11/18/1971,F,Divorced,Philippines,Damietta,94,High School,Tourism,7,Full-time,Permanent
146,Patricia,Lee,19,7,5/15/2020,,Active,2378,13.72,173.33,1,94,patricia.lee@steigenberger.com,+20 1039145154,9/16/1995,F,Divorced,Saudi Arabia,Zagazig,233,Diploma,Engineering,1,Full-time,Fixed-term
147,Ghada,Gaber,19,7,4/28/2018,,Active,2036,11.75,86.67,4,69,ghada.gaber@steigenberger.com,+20 1013151509,7/15/1986,F,Widowed,Philippines,Damietta,113,Master,Tourism,1,Part-time,Permanent
148,Khalil,Hall,5,2,10/1/2019,,Active,2836,16.36,86.67,1,40,khalil.hall@steigenberger.com,+20 1033846481,4/18/1978,F,Divorced,Sudan,Tanta,473,Diploma,Management,1,Full-time,Permanent
149,Khaled,El-Naggar,19,7,7/14/2015,,Active,2098,12.1,173.33,3,75,khaled.el-naggar@steigenberger.com,+20 1023390898,1/2/1970,F,Married,Sudan,Giza,111,Diploma,Hospitality,1,Full-time,Permanent
150,Ziad,Abdel-Rahman,15,5,11/13/2019,,Active,2071,11.95,173.33,8,40,ziad.abdel-rahman@steigenberger.com,+20 1080251682,12/7/1989,F,Divorced,Sudan,Mansoura,231,Bachelor,Business,1,Full-time,Fixed-term
